,A,B,C,D
2000-01-01,-1.2975148436041497,0.618083059901909,1.1487213059526915,0.3632915853309191
2000-01-02,1.4105366009484563,0.21027359663501727,0.5198417090609668,1.1167316924906168
2000-01-03,0.9020202530967628,-0.38080239898714113,-0.48257373025206785,0.6396111873551409
2000-01-04,0.052135515249783326,-0.5480196433731694,-0.737682035000973,1.478003849053274
2000-01-05,-0.38014676132804603,1.053637206604101,-0.3140972871469944,3.5821504671203757
2000-01-06,-0.13575756772037653,1.8343284291877322,-0.3168097337560767,1.9075336282424111
2000-01-07,-1.4511465838177,0.8774554161130426,1.55650432024913,1.1326220034195646
2000-01-08,-1.7297971564556704,-1.2976788749340251,0.7942568656912681,1.0683339740647062
2000-01-09,-1.1645248015303167,-0.9806323395948866,1.9057451199515207,1.6326941214736674
2000-01-10,-2.3067345513742543,-0.4833370980046991,2.537480001619291,1.597406523226239
2000-01-11,-1.9674004832055858,-2.3095019458016077,3.319215633110954,2.368251031501753
2000-01-12,-0.5424743951181892,-1.4613322954104362,3.4000079489608135,1.1871144474420248
2000-01-13,0.11174549578122095,-4.089427195520136,4.458498948971284,1.989579770620931
2000-01-14,-1.0739282456029964,-4.390065108541982,5.26979243975643,1.1338493646574572
2000-01-15,-1.176527604937017,-3.1173897983225407,5.436172154298074,0.580111716053314
2000-01-16,-1.3583293381596624,-1.9561156993164104,5.544094378906715,0.46055281569069556
2000-01-17,-0.2787655507548006,-3.3717556344450195,5.503495827215396,1.27437021931294
2000-01-18,-0.19037059520822952,-3.1926064505715077,5.160337883814339,1.6724056200970452
2000-01-19,-0.01096305133505246,-4.0548040490767185,4.485910086211185,1.669873000552187
2000-01-20,-0.017851074750603872,-5.3825564555493015,4.766848401257944,1.2490081591488413
2000-01-21,0.822666250912197,-5.376627568078845,4.618741133884132,1.2589919353933479
2000-01-22,0.5885229288017471,-7.33119851584602,5.939310975726824,1.5343961674427433
2000-01-23,0.3961001965161346,-8.91048667450531,6.934937727439062,1.9481892875717028
2000-01-24,0.6645712390026168,-9.311332829113347,7.460828075495067,0.6279277196889619
2000-01-25,1.1046929185539525,-8.397376215936262,9.367520892302858,0.7485136805919271
2000-01-26,0.46888060546689747,-5.60022136612068,8.408949132545331,0.3274686282580345
2000-01-27,1.1125897640406506,-6.935825304467659,8.719609535821885,-0.9270375347729474
2000-01-28,2.436704124748291,-6.470932433839165,9.554369061491313,-2.3352160270339413
2000-01-29,3.4022421934750113,-6.600928261274381,10.126109427732377,-0.000906276473529033
2000-01-30,3.3202128143052416,-7.143043743726949,11.024343921644302,-0.13785544860548796
2000-01-31,3.820915147761235,-7.806676851608196,9.773726411024038,0.2044297018689247
2000-02-01,3.972600211930404,-8.572295839111504,9.696008169965053,1.5422201184641837
2000-02-02,4.503114932942749,-8.221224795215196,9.436603811181193,-0.06238206036602456
2000-02-03,3.3435003766817797,-8.73640983335499,10.232478702374394,0.8347252857471962
2000-02-04,3.6555566025738826,-12.143969257920931,11.161487288486235,-0.2569091791638406
2000-02-05,6.091176919785989,-12.749534935032285,9.267923594859264,-0.8655115216802893
2000-02-06,8.156396227524816,-13.685705980490173,9.374284802669878,-2.1193838006429786
2000-02-07,7.81065229610994,-14.206235319156933,9.447136138075992,-3.103013387522699
2000-02-08,8.58378499976129,-13.29112253327596,10.391450946119377,-4.322385231393888
2000-02-09,8.860333452297812,-13.61859799602459,10.243137778453297,-3.0770939043994803
2000-02-10,9.214766802701945,-14.210852130049437,10.532948056851817,-2.884498248625346
2000-02-11,8.839277790733483,-13.86931856953506,9.34153683190057,-3.6493294905261995
2000-02-12,8.642342827950456,-15.385536877539383,8.562123803988836,-5.2431528570117525
2000-02-13,7.643069770181602,-17.311601512638305,9.227675490591679,-6.109520800562596
2000-02-14,6.1328517090256165,-18.063668035831803,8.956191613132761,-5.091794434308443
2000-02-15,7.90213713906131,-18.203275424632075,10.251369844569886,-5.571165236094606
2000-02-16,7.418436267260596,-19.278747673476673,10.082228546386348,-5.160286270212349
2000-02-17,8.159646720035074,-19.606290169048922,9.032041018190634,-3.672200811196536
2000-02-18,7.084126293106029,-19.780761016216218,10.228273435795403,-4.852747751162945
2000-02-19,7.79982615939619,-20.721338028679945,10.081858959642053,-4.095591788717899
2000-02-20,6.472353124115071,-21.50781153314888,10.884212427202502,-3.7205501751424745
2000-02-21,5.4673515861872835,-19.626282666969168,11.682686832563727,-2.4497524828341937
2000-02-22,4.687436426317493,-20.15067103801315,12.684148733888193,-3.4329177589619624
2000-02-23,5.416576375868023,-20.503914421208567,13.141679792434502,-4.821747843782121
2000-02-24,6.492727996048685,-21.0280956253352,12.257989275564082,-5.314380549037023
2000-02-25,8.240022773704622,-21.618661850868694,12.616052223051376,-5.6273762579925055
2000-02-26,7.9163247228224165,-21.001061866480583,13.096773775952434,-4.337500370602209
2000-02-27,7.095572294108941,-20.835406775190897,11.913925070446334,-4.690843832465958
2000-02-28,9.822297437613651,-22.63312434002116,12.99153471964816,-5.756336894339298
2000-02-29,11.049098767020508,-23.109177524797154,12.003262652891582,-4.1475251931471835
2000-03-01,12.03669711985219,-22.00273481724414,11.090834648872274,-3.5697161567161126
2000-03-02,12.703613157215365,-21.79428283570772,10.504311845544242,-4.380303511874012
2000-03-03,11.576053632347106,-19.95133611035548,9.231552065568376,-4.878591206700071
2000-03-04,12.992595608155048,-22.735625526243833,8.420361602549802,-4.217994939780882
2000-03-05,13.951578600035518,-22.80588334025559,6.3295938257921405,-5.68253028405228
2000-03-06,16.01216908102673,-22.842363580804154,5.828985544060111,-4.9655366330035955
2000-03-07,15.047205099257628,-20.263345825607296,5.740933256803785,-7.402128451118168
2000-03-08,15.834647383650422,-21.741358788853894,4.216452558661996,-6.682340097807662
2000-03-09,16.010075124031573,-20.600449232152148,3.321640154438941,-7.471573039863006
2000-03-10,16.78784969363309,-21.31182897967223,2.7570583062767264,-7.036588176280355
2000-03-11,16.700820905123415,-20.366749006709092,2.6527484666448276,-5.581577009948692
2000-03-12,17.578383550228562,-22.39470912099048,1.1984593784771087,-4.50772557543139
2000-03-13,17.94782584287236,-22.994534343787766,1.6352869877380574,-3.4873959550743345
2000-03-14,17.64757437740058,-24.78123483714708,1.1009699785210567,-4.8212777173808075
2000-03-15,17.33933346620545,-24.40345328158568,1.8353890093954885,-4.968267550470744
2000-03-16,17.128658525448188,-24.737735769537895,2.3164024736071465,-6.365019416722841
2000-03-17,17.613567896164653,-23.855158860269732,2.3917070035568138,-6.826636931126324
2000-03-18,16.990393460296353,-22.80770885123106,3.2430394637844904,-6.469010046597984
2000-03-19,15.774412201948984,-20.632255674611496,2.2597466758306783,-7.376236195228784
2000-03-20,15.97707326096964,-20.79302340615195,1.2145058967062743,-6.814787824621407
2000-03-21,15.681789143157651,-20.764928009195458,1.3717203230103905,-8.502447508213974
2000-03-22,15.586248464460107,-20.876446618372494,1.192729098977761,-8.1966321344071
2000-03-23,16.167370818778448,-19.07488859071663,2.314647478277728,-7.970330020043208
2000-03-24,14.861290720179069,-20.50068247049281,1.3915073790256978,-9.094231290746018
2000-03-25,14.78157368759663,-18.821809435268925,2.357704885694753,-10.250724851782557
2000-03-26,14.96620543903396,-19.56599398344546,3.105831860969528,-9.876775603945209
2000-03-27,16.17976042885082,-19.781839929993026,1.248734716673186,-9.56204383767582
2000-03-28,15.36388206263641,-19.51134622431597,2.447691173941072,-9.227605741997218
2000-03-29,16.249692872275066,-20.071113006469794,2.0938849663478,-7.00103661176704
2000-03-30,14.577209693399078,-18.658029317929966,2.62043343261353,-7.194835108701755
2000-03-31,15.117324123591068,-18.490438777182877,2.0141958611794943,-8.467995445708366
2000-04-01,16.20106090044843,-18.077847389905454,1.610680762949659,-8.557237894435664
2000-04-02,17.030861374811494,-17.57286853600648,0.009831374900372003,-8.33258308884925
2000-04-03,15.965282838554408,-17.713872672532524,1.4489220878791986,-9.17607623483679
2000-04-04,14.781297230794738,-16.69443489768747,2.0517907088377543,-9.431434128136775
2000-04-05,13.644530184983312,-15.450001826174331,3.3070683370808274,-11.196483626702442
2000-04-06,13.24464580832276,-15.800691311214635,3.5644767510780735,-11.54512079570293
2000-04-07,11.567775302451068,-16.59490295760421,4.362208420781537,-11.598537983093008
2000-04-08,12.218133370779281,-17.27899024287629,4.503782831136634,-11.882580653342108
2000-04-09,11.485264645248483,-16.212793460098876,3.553276326822022,-12.163415472903084
2000-04-10,11.76392946691557,-17.877087412042442,4.961942794169731,-12.856832978005563
2000-04-11,12.10233632146363,-18.34032206356139,5.466997689002306,-15.62144312086216
2000-04-12,12.924890775019346,-16.347348087064624,5.347038223250213,-16.373226039419283
2000-04-13,13.584511791771918,-15.913928030722769,5.954117317721364,-16.457050314022016
2000-04-14,13.748644484895289,-16.821028219782317,5.897445393057466,-16.68281003933653
2000-04-15,15.067123825909608,-15.80307435347322,5.332411159169366,-16.46982248597178
2000-04-16,15.447546834618096,-15.02454846497846,4.691021291567767,-17.12056959909952
2000-04-17,16.42475059396313,-14.3975676771693,5.302458789229814,-16.448634056692185
2000-04-18,17.976620326765914,-16.454254794462802,6.465161753743538,-15.235333409261678
2000-04-19,19.072718915355498,-17.279696026996394,7.089470281362682,-15.136314010787938
2000-04-20,19.20816483829259,-20.576355996791445,7.816607157322292,-14.579849142235314
2000-04-21,20.56543296527518,-21.097660999258846,8.195022050254098,-13.868344644157268
2000-04-22,22.13216248588652,-19.326112819957846,7.14350922072375,-14.183160891271616
2000-04-23,20.321183635403195,-18.167710454280968,8.259628346496548,-14.47513213347304
2000-04-24,21.143761201470397,-18.21234854545123,6.512845352361756,-13.613429999649766
2000-04-25,22.77769608795228,-18.705317260549652,7.024477701023551,-14.092069022055409
2000-04-26,23.228806259214256,-16.813031917546756,7.618486544372857,-15.014547720689603
2000-04-27,22.22071330779414,-15.542766475126026,7.570638065411693,-17.179448138539986
2000-04-28,21.371807857493774,-14.076718022760824,7.70011858703809,-15.805361095752904
2000-04-29,19.938430335008213,-13.590900507343047,8.712182763273317,-16.453689159886753
2000-04-30,19.301301794318377,-15.423930622146123,9.20344573237901,-16.903640710001667
2000-05-01,18.53470058529704,-15.349162547373387,10.374190993638866,-15.218195062619278
2000-05-02,19.242788765419252,-14.549089951104321,9.918679165047955,-15.436670935673584
2000-05-03,17.994532445254436,-16.06577608514856,11.045468507793892,-15.184785989737097
2000-05-04,16.387390712382153,-16.300988649255288,10.881418968932147,-17.574002527370112
2000-05-05,15.57566519489902,-15.698331221687274,10.875452064625396,-18.34998387767071
2000-05-06,15.742548489916219,-16.21206038581317,11.203974471813522,-18.69435719743261
2000-05-07,15.33657259565653,-15.45842221382278,10.3127285000921,-15.98819816086927
2000-05-08,16.373310252886625,-16.07962810876649,10.17176098383344,-17.459145538518612
2000-05-09,16.682916450691607,-16.016951583895686,9.118412978267402,-20.07259327904343
2000-05-10,17.369722852329218,-16.229685839675152,9.91439784700849,-18.99320647246524
2000-05-11,16.32696283275515,-15.585460819356435,11.342529372175353,-18.342265585834237
2000-05-12,17.17588404970222,-16.34828538023875,10.004247073720723,-17.910851688597667
2000-05-13,15.483532721474239,-16.2158474139002,11.357978065741673,-17.788140578842754
2000-05-14,16.993764318314007,-14.251882587630929,11.231315144859801,-17.777847481435067
2000-05-15,16.401406262306025,-12.911065380088772,11.886483210815594,-17.547265529447625
2000-05-16,18.4502527404747,-12.985225111453374,11.76141816471919,-17.14897793470219
2000-05-17,17.76224516616485,-13.312969935383608,12.036530591189429,-17.12898443010628
2000-05-18,19.444499352588146,-12.861908745270481,11.974942335162714,-17.914348065228538
2000-05-19,18.96908796752725,-13.252996479835849,13.927951837686175,-18.400583735330226
2000-05-20,18.236388496028674,-14.836046722016446,13.736528569784152,-16.65203928225868
2000-05-21,19.382155140884166,-13.969353211849365,15.24381240743027,-17.748451056545736
2000-05-22,18.941698741003634,-13.75836901448068,15.83979910872578,-20.180218066086276
2000-05-23,18.085515414038742,-12.831245032284766,13.737698099928007,-20.64285682496042
2000-05-24,16.662238127084287,-12.63786201085124,13.516124602234607,-20.696033752885352
2000-05-25,15.324383657166537,-13.018760306118164,15.011233039619249,-20.1959799249605
2000-05-26,16.09388612536,-13.689189771767431,15.393804940278677,-19.72881710810105
2000-05-27,15.815095840981657,-13.463312728875696,15.551313101173184,-19.564046753178452
2000-05-28,16.029022738679952,-14.942427249786546,14.273470742615832,-22.013307005860476
2000-05-29,15.768556095778784,-15.564479692878908,14.861515919714229,-23.71742414426526
2000-05-30,14.342214511133598,-15.20461315248003,15.14844363296112,-25.48114803070805
2000-05-31,13.046654968429186,-16.42799727478488,15.407396269376312,-23.754400031284852
2000-06-01,14.29512940437134,-16.21409531469774,14.314026232724741,-23.488380078751707
2000-06-02,14.251967893412749,-14.863382565429072,13.53923984872738,-22.79421717575393
2000-06-03,14.36835960357305,-14.131703488931912,13.795365442168984,-24.323875404853325
2000-06-04,13.925022261738572,-14.810412999499661,12.927379779822367,-24.77165817724206
2000-06-05,15.179433452959584,-15.106532119614725,13.997837794680965,-25.936530575286845
2000-06-06,16.07538198901855,-14.951675973382994,14.74137794118391,-27.04984419143148
2000-06-07,15.957905022795888,-15.13333727320329,13.916996319138876,-27.364152227817776
2000-06-08,16.01274768129902,-14.538300258593024,14.36851094190916,-26.870677182110377
2000-06-09,16.13900680780512,-16.40851514795663,14.376946945030602,-27.453579967143515
2000-06-10,17.303070932100432,-17.430156012966332,15.396951532102182,-28.293185070152486
2000-06-11,16.93157847134736,-16.443084831892754,14.71448817771536,-27.578116419811366
2000-06-12,16.92267874067923,-16.444634483884368,14.41697630547517,-27.16809883215082
2000-06-13,17.298508426456383,-14.921230562618621,15.890861855892418,-26.518342866574454
2000-06-14,17.922452168714564,-16.501677496519125,16.264854003582638,-25.452821603572712
2000-06-15,18.190747331322527,-17.868025620114537,15.457914818585309,-25.080679381284252
2000-06-16,16.284896548524795,-17.385405984416973,16.5969685977603,-25.492556941867413
2000-06-17,15.550101138385791,-17.282898794537815,15.58798326639529,-24.326344859329367
2000-06-18,14.917112050943627,-17.272328752717517,14.381425475349221,-24.29300455393801
2000-06-19,14.411019117774552,-17.210364850154342,14.521205684831342,-25.89371491012995
2000-06-20,13.409825295032949,-17.173540646869235,13.149792908087136,-23.483701141040072
2000-06-21,12.269000745567604,-15.259794724521235,13.046514061445377,-23.063356637109877
2000-06-22,12.876231358817659,-15.402316031865873,12.881218971476654,-21.54151312349542
2000-06-23,13.60869101748514,-14.617848790290514,13.461514331111198,-19.739892881466428
2000-06-24,13.388855273109751,-12.393894922425481,12.259905566697078,-18.691531420615462
2000-06-25,11.279016786457245,-12.961246363507163,13.030950074845666,-18.578703407334967
2000-06-26,11.511667393560701,-12.720903556348992,12.97076681450181,-18.624225290831237
2000-06-27,11.00323699697789,-11.990061402346722,12.50446456013703,-19.460073603805284
2000-06-28,11.477603126920817,-11.000591862639471,11.306090710658534,-19.28714421084667
2000-06-29,10.901901447444573,-12.6147568286913,10.83112157313387,-20.287455700929392
2000-06-30,10.340095540619197,-11.380732543662464,11.767734316384672,-19.615156869818232
2000-07-01,9.272730796182705,-11.24320160460275,11.55897656466084,-21.4595805858425
2000-07-02,10.433858124108388,-11.372884468120668,12.263981805129973,-21.790799507331972
2000-07-03,10.328605709569596,-12.426464532598292,14.717200398044948,-22.68837554533412
2000-07-04,12.164944665774017,-13.326768463362022,15.937562524944134,-20.598450400411597
2000-07-05,13.381770225831387,-12.627361704510216,16.227278080988683,-20.502327128192928
2000-07-06,12.372698118576682,-12.647412116960306,16.31436991404499,-20.601050313708765
2000-07-07,13.637370797366422,-13.486954324466499,16.898724175716303,-20.62094536490599
2000-07-08,13.894781679587728,-12.71678908762466,14.191571191240099,-21.22170973801439
2000-07-09,15.02067028409238,-11.091943837715023,14.616270699389984,-21.035213330164435
2000-07-10,15.691196636976304,-11.525428225119017,15.401776881377378,-21.126993783714514
2000-07-11,16.434149503514732,-11.391113265593702,15.593694555620312,-21.665479094101872
2000-07-12,16.54179751615188,-12.445626747723189,15.040446222689745,-20.8429959777011
2000-07-13,16.599481692675646,-10.785978810753862,16.656449775237487,-20.73099372238252
2000-07-14,15.263034471307606,-9.781368056534664,16.910600287303467,-21.892339559914134
2000-07-15,15.1209010593063,-9.814940219256346,17.993276333843315,-21.4871894467953
2000-07-16,15.135606039619386,-8.357905786993758,18.459979701991635,-20.935136771445066
2000-07-17,16.163836042684753,-6.537199015419654,17.11690624629654,-21.30241413582438
2000-07-18,15.904446897505933,-8.086950006872536,17.237664393858353,-21.57512599473959
2000-07-19,15.574966226987653,-8.733475072053604,17.274546284897188,-21.98379246901889
2000-07-20,15.233229468019347,-9.283203916311644,18.561806243639477,-22.03898630254895
2000-07-21,14.13377678262511,-8.773247244203423,18.520827694709727,-19.900292648386593
2000-07-22,15.239792796655605,-9.782300334405829,18.989091887942276,-18.36270641170308
2000-07-23,14.976292504942142,-9.462434720337038,18.41248429779139,-18.330105697735206
2000-07-24,14.984299929291389,-9.086645351350427,17.094221981121358,-17.587331907224357
2000-07-25,14.991624508415857,-10.432709742151095,17.080968236736418,-17.41748104465128
2000-07-26,15.82379903587956,-10.656458705013703,16.97859147275417,-17.85880903589095
2000-07-27,15.006944038780155,-9.96461720598157,16.256204755484756,-15.982046104251307
2000-07-28,14.603895311326417,-10.040708175803191,15.49194593035768,-14.841173606927262
2000-07-29,13.836299877529758,-9.496921756269673,14.659011968214166,-17.256660311082605
2000-07-30,11.930552670607193,-8.110593150911848,13.827662963415886,-15.274205674570698
2000-07-31,11.382866403226096,-7.925541154628059,14.408581614324552,-14.613855682217398
2000-08-01,10.893393120687314,-9.562018452978315,13.393705379210035,-15.784959417320206
2000-08-02,11.366460192876916,-9.502064994278365,13.718355050194255,-15.898491278377513
2000-08-03,10.751355057743494,-10.173187852358177,14.035696713438755,-15.272542534189189
2000-08-04,10.930403301958744,-10.246563580827384,15.627143398612619,-16.25432698049606
2000-08-05,12.377715026226317,-12.009723797253347,16.207888352756687,-14.870852211818347
2000-08-06,12.692298299302008,-12.506930905936938,15.4769629597003,-16.716723908899507
2000-08-07,11.561949427709926,-13.146045358500444,17.024336261799352,-16.76312684050628
2000-08-08,13.074393678147722,-14.352338035312101,17.34173590929013,-15.247643902889834
2000-08-09,13.443234048798098,-13.973093982876856,16.883331249212247,-15.104681831098794
2000-08-10,14.600098736322051,-13.123638949437035,17.83656227838488,-14.886973581840001
2000-08-11,13.924296103342627,-13.478330771066883,17.839682923563853,-14.630975256045364
2000-08-12,14.170942049259056,-12.990575762785054,16.627201388133038,-13.38829590376239
2000-08-13,14.670939020637194,-11.794043359179888,16.233249393723025,-13.988592354175793
2000-08-14,15.695719558642885,-9.975859998477898,17.655717004554376,-13.001390660419801
2000-08-15,15.579644242953849,-10.013094498168464,18.047058818835968,-12.414116052341505
2000-08-16,15.929865798939028,-10.103582895198123,18.90706955873152,-12.663105582245423
2000-08-17,15.540237689605693,-10.41804880211398,19.327586268302507,-11.240937270377138
2000-08-18,15.271311934205418,-9.63198899543256,16.63485560673907,-9.76022688353445
2000-08-19,15.012076380102318,-8.206767597006959,15.666997875665526,-9.159192048664714
2000-08-20,14.593746598239846,-9.295522355626076,14.177893607771127,-9.253159086563915
2000-08-21,11.96076633054662,-10.335104915581036,14.18856588151509,-10.204797474247943
2000-08-22,12.612904155986387,-12.150863928251429,14.115908887945103,-11.262818108821298
2000-08-23,11.65976132721343,-11.58694672531808,11.882970833696367,-12.718643559682361
2000-08-24,10.178121016622855,-11.897395937024804,11.932769602842727,-13.31237832369261
2000-08-25,8.862885510390871,-10.618286620603088,12.494955335162905,-13.006537903657728
2000-08-26,8.112424847187414,-9.379216067775502,11.790908254746194,-12.140806102639257
2000-08-27,6.987516526806089,-8.852022357134484,12.422178731755029,-11.806281973185419
2000-08-28,6.505416472873579,-9.393918844970255,13.71535412751885,-13.301514597977125
2000-08-29,5.686369243731447,-11.923306015592555,14.05129326897501,-12.387112692604752
2000-08-30,6.800679495481603,-11.494044096403782,14.637647521980393,-10.712043454218627
2000-08-31,6.2464653905994885,-12.0736212209168,13.853720238327188,-11.87072745912186
2000-09-01,6.731005260161748,-10.9933028000982,14.722273605222355,-11.066514713330642
2000-09-02,7.9138218767019985,-12.054608460615537,15.76343828549639,-12.8526464924117
2000-09-03,9.182141140076396,-12.540184581084585,16.415297152643916,-12.586168656196653
2000-09-04,8.655749828336896,-13.659890597390355,14.7545669309603,-11.72907902694947
2000-09-05,8.966514172465175,-14.335961840924046,14.704096855473898,-12.010699831248813
2000-09-06,10.282724751969155,-14.640074973532363,14.540278787940904,-12.49251399465063
2000-09-07,8.346038718427312,-13.203419635604813,15.117454579893062,-12.548749840330787
2000-09-08,7.751058166214044,-11.959425097937338,14.836148302522309,-13.445566656813444
2000-09-09,7.7755943027763355,-10.966946866805957,14.348397874200318,-14.006030220745307
2000-09-10,8.815320027295607,-11.911065447136544,15.170239864160475,-14.370853604327356
2000-09-11,8.042826690845834,-12.362964157689959,14.585354882289604,-13.141056830839696
2000-09-12,7.777797064872777,-13.33237918180713,12.733951992949926,-13.19820372824879
2000-09-13,9.796953125886265,-14.565512236055323,13.159177796677593,-13.216627471111867
2000-09-14,10.869417639145713,-15.738228133403812,10.528886481041233,-13.808578509605315
2000-09-15,10.96188207936462,-16.232769664698566,9.768433797378238,-14.96237300307026
2000-09-16,11.331610084556774,-16.71815393569647,9.467557182716376,-16.000456750900494
2000-09-17,11.19534324543983,-15.953440691147186,10.973232499734983,-16.406034543715148
2000-09-18,13.513992329914537,-14.453725904335212,10.251369840352405,-17.684885679278636
2000-09-19,14.489700836515176,-15.435712968360129,10.833066539963749,-18.33462629037653
2000-09-20,13.378841233880136,-13.861125180911461,11.266669180695672,-16.59008675934997
2000-09-21,12.399378034418959,-13.416906547775762,12.055935597631247,-19.18979567670706
2000-09-22,11.448799931325926,-14.320339825183646,11.53508839945244,-17.816139234149446
2000-09-23,11.30666864001851,-13.042132200742333,13.103249456300079,-16.717131773373325
2000-09-24,12.732308075579434,-13.999844863952397,14.37988340410728,-15.716419356480525
2000-09-25,13.414780306672649,-14.094967401961378,14.232252167007207,-15.808172400697467
2000-09-26,13.473474567294938,-13.881621773665417,14.461749613448399,-15.269110558426492
2000-09-27,12.985763001304322,-12.789154019485757,13.846028221254278,-14.69022022629443
2000-09-28,12.98521256136079,-12.128650447320245,14.522561463038492,-15.713485163262153
2000-09-29,13.220880181839476,-10.345708374187367,14.658291197589566,-16.96665930286914
2000-09-30,12.760712599799374,-11.274578238288152,16.28831611690458,-18.509260114902975
2000-10-01,11.99179961181611,-10.612061383949083,16.12123663609588,-18.87995350143249
2000-10-02,13.03183789585799,-10.436347693637208,17.605958460819824,-20.437208097046334
2000-10-03,13.985958905178734,-10.083000146301591,20.088473847574345,-21.312283638565273
2000-10-04,12.996423779805271,-10.666709144584386,18.75476924916052,-22.080462785387102
2000-10-05,12.827557085412248,-10.441677623291042,19.957735255098896,-19.98586071944657
2000-10-06,11.951979848698326,-11.237628554006422,21.147603082983977,-21.410316290609938
2000-10-07,11.505382847379932,-11.177754464823556,20.32890910088291,-22.42375048369092
2000-10-08,12.10289217915855,-10.464754810151023,21.276568446229373,-22.158812971473022
2000-10-09,12.123448981509732,-9.344035549919507,20.761490490847905,-21.177169035402294
2000-10-10,12.446905642563033,-8.407086573608657,21.073270113191235,-20.822003137457266
2000-10-11,11.02135669836806,-6.646051427809099,20.697552635834143,-20.601315058490364
2000-10-12,11.130525765292363,-6.755494557870968,20.399075937122547,-20.201253459296236
2000-10-13,11.160089896190966,-8.086122370172916,22.94539592241032,-19.02644044146868
2000-10-14,12.504824506075792,-7.532466063275116,23.059836434865677,-18.540142103835123
2000-10-15,11.092426516911148,-6.948495700519959,23.125320665092932,-16.697206533696356
2000-10-16,10.607431700980424,-8.64588474770955,25.26646230750304,-17.400526876088257
2000-10-17,10.34894923483312,-8.993513467761428,26.469485617210868,-17.09510484800768
2000-10-18,10.311198783468805,-9.950664736438519,27.31004130958178,-17.663987612829157
2000-10-19,8.943611333236248,-12.128266939990938,28.0828518713915,-17.094790247097944
2000-10-20,9.712337024736586,-12.838889089982464,26.621888419594896,-17.61682313163591
2000-10-21,10.505285704648589,-13.662074294702922,26.435527435052354,-17.77203647733208
2000-10-22,12.200980809113393,-12.413924294086645,26.99530861061894,-16.258643545482833
2000-10-23,10.367164655173047,-11.402734908633231,28.048475641404195,-14.885275452137055
2000-10-24,9.179327284694365,-10.899258572256334,26.160748321757453,-16.646487221855768
2000-10-25,8.772069958948919,-10.609459767918171,27.097278519562934,-15.948526398212275
2000-10-26,7.9225886593369985,-8.768960233964489,26.07855459268978,-15.784968212796125
2000-10-27,7.650048439929193,-7.892167160226112,25.96569135520239,-14.744964688562918
2000-10-28,6.784216620233118,-6.838430952472269,25.461709177974424,-15.17788456505046
2000-10-29,7.374115680320914,-6.373392370261059,26.800568734555,-14.362960960420267
2000-10-30,7.524940256714048,-6.810283693234512,25.384725987173937,-14.90172820335186
2000-10-31,7.058150742993157,-5.982156567749403,24.323989671267256,-15.78242812184652
2000-11-01,7.884023884659485,-4.479238340419078,22.760127693741687,-16.352674175942667
2000-11-02,9.04629289739579,-4.252765890689008,22.128233355227202,-17.543053747971133
2000-11-03,10.881818372003657,-4.958618151478129,21.831511777530505,-18.1531724764652
2000-11-04,8.881908562891194,-6.1411119678693815,23.453915110199254,-20.370031457915644
2000-11-05,7.261714109245387,-5.066217498303476,22.657698024041984,-18.845934527052133
2000-11-06,7.8179766242368025,-4.8048753709555605,21.592165692133722,-18.45573595236657
2000-11-07,10.147281210275494,-4.053617443508649,22.387537015953,-17.46680384121507
2000-11-08,9.933227882422424,-5.193589646197535,21.76124609166606,-17.016385103980404
2000-11-09,10.446099550967059,-3.9332219705711897,21.523083416597768,-17.094427723038304
2000-11-10,9.712225670825614,-3.2933553230962715,19.930346562791932,-17.094348329361598
2000-11-11,9.456183959551955,-2.7097517375471396,19.843533696740565,-17.04830465704517
2000-11-12,8.09573319020102,-0.5383936429755138,19.221501155347994,-16.71516069989946
2000-11-13,9.328851835048214,-0.5562235783043945,17.84381579402072,-15.624638169882205
2000-11-14,8.89599091019662,1.0690375436712287,19.258974104859305,-15.642252889820899
2000-11-15,10.550877273840078,1.0182094702181246,18.808239657800566,-16.394980201860694
2000-11-16,9.485975725378458,1.2242189692586256,18.16897146307989,-17.161283280891293
2000-11-17,10.248673570366435,-0.524802034679988,16.40226609231806,-17.027712922069302
2000-11-18,10.669985509027084,0.36444181758288274,16.46175853017187,-16.804952499061667
2000-11-19,10.191641264936852,-0.5214566333791228,17.493812390840024,-16.708442920211077
2000-11-20,10.811467861075823,-0.8597316045052554,17.343639438427964,-17.064657470469122
2000-11-21,10.61226028082885,1.0242402838015958,17.003527035129963,-16.61907314768233
2000-11-22,10.477935719671336,2.905969442411533,16.18426289491827,-18.763603955819068
2000-11-23,9.876483165848228,5.330847468566564,14.70401715211016,-18.544605390592817
2000-11-24,11.161036702828904,6.359097680494247,15.248911528893917,-16.346963946958866
2000-11-25,11.853180217213309,4.514771815517772,14.022925571715929,-15.159210886796515
2000-11-26,12.281317252929174,5.046460187283595,14.692466635223813,-13.311309291864784
2000-11-27,13.211739161443635,4.301545916588744,15.818587247229514,-13.675068056078697
2000-11-28,14.025454534836502,3.7214669897362374,14.818686810244404,-15.220655425632804
2000-11-29,14.021245282387449,5.016406866999586,14.640548130810018,-16.741698055478235
2000-11-30,14.595842541233718,4.895522845437142,14.445789985573992,-15.94158150659353
2000-12-01,15.016022712612463,6.130165963415093,13.291787236437555,-15.107933048071116
2000-12-02,12.664808043148298,5.186475352990527,11.990983517754849,-15.412565784826686
2000-12-03,13.053951435542784,6.658386078277792,11.76994303994456,-15.616001342847836
2000-12-04,13.650039842448724,6.143548552786402,11.846914578237682,-17.688453170779574
2000-12-05,15.8683202550281,7.878492213342431,11.530176686263843,-17.464589446237937
2000-12-06,15.45110186719165,8.825507049434718,11.776013931490338,-16.791357919882138
2000-12-07,15.940915240031373,8.88551705077162,10.678361926341566,-15.788404068215206
2000-12-08,15.099273092646152,9.046459734511478,9.813265306869148,-16.050868764596096
2000-12-09,14.536385412216237,7.706361550152863,8.568221860045158,-15.301042817850247
2000-12-10,13.354619825273438,6.475901158784217,7.4210862960716195,-15.061174438374675
2000-12-11,13.570019905187456,7.515864897964647,7.94143263671188,-14.449690756314515
2000-12-12,13.738523788426702,8.275447070142356,7.683364997011079,-13.063653530904302
2000-12-13,12.980022504169398,7.245184042503563,9.1640789704967,-15.440138979460697
2000-12-14,10.275472951188023,6.393216681164881,9.579494197691712,-15.043978815873352
2000-12-15,9.846339522669695,6.304598856359835,8.435958767725815,-13.87863346463936
2000-12-16,9.393656107398083,4.544898440336693,9.337008259774853,-14.531041735088422
2000-12-17,8.080551245809843,4.789960680164493,10.474714949029355,-14.248894820644516
2000-12-18,8.176445468536667,4.701656203238082,9.67522275918439,-15.001044031223213
2000-12-19,9.086901895833227,5.096239394692625,8.257166254868864,-15.509652176482339
2000-12-20,9.614152914105144,5.059928638695116,9.401282474708312,-15.104552008984406
2000-12-21,8.071706075651626,4.901244735184314,10.351779087752497,-15.245059329199353
2000-12-22,6.1100186827302725,3.8625941843308906,10.279352980208467,-15.915358910326265
2000-12-23,7.596075178455904,3.0217343609114042,9.599601619503401,-15.645545166872965
2000-12-24,7.867286853591879,2.0163940542567884,10.160277898042342,-16.986239596558065
2000-12-25,8.306160990549206,3.2824059955592872,10.184238184043675,-17.381493065364015
2000-12-26,7.001884646939205,2.7181556988343476,10.499703481864868,-16.72032142731164
2000-12-27,6.1251260909637395,4.413143909472513,10.202440737320929,-16.514243477199678
2000-12-28,5.87993110681982,4.5284371553472464,10.763237590008481,-15.370164152579989
2000-12-29,5.029446446036493,3.5977545872446077,11.985007584371175,-15.338256133258485
2000-12-30,5.944787428160087,3.416325227322962,12.119801332734063,-14.796938663235212
2000-12-31,4.796327164543707,3.161923397681838,10.156601091833503,-15.545863907235196
2001-01-01,4.35076568919789,3.332904659253479,9.718944429726655,-14.932636499780179
2001-01-02,3.438143045068251,3.942672535083897,7.997817323430658,-14.411597155269137
2001-01-03,3.070830897269146,4.502036763537251,7.248626386416098,-15.452617355833501
2001-01-04,2.9933287891488063,4.282293319949021,8.199746689819131,-15.898426477867545
2001-01-05,2.5345724778754257,2.6368613525772377,8.735583147304666,-15.841143897513346
2001-01-06,3.407705467576193,2.233504077043484,7.666776398493319,-15.911698725523662
2001-01-07,4.012741517696456,1.1164937961552885,6.959283541195008,-16.720474957226397
2001-01-08,3.336671424803814,1.2994056235178557,7.797909519184346,-16.32677221578654
2001-01-09,3.724072745387621,1.6466592401244076,8.695258718054317,-16.144810143588764
2001-01-10,4.152203693241003,3.712404196208119,9.850249638471823,-16.041211711961452
2001-01-11,5.240691817374396,3.2562476847591797,10.505391293337727,-13.348761669254184
2001-01-12,4.5904738883769065,2.8456156553142193,11.249654499317012,-12.4679677594092
2001-01-13,4.265688935908741,1.5989707286743164,11.59315557083111,-12.327719285368737
2001-01-14,3.708512561394317,1.356108090134276,13.346769024259796,-12.406500007611452
2001-01-15,2.1277756062998723,0.4305380894551236,14.714084962338372,-13.23684954870903
2001-01-16,1.6104637619601134,0.9371439008262742,15.006570086214744,-13.9903328405984
2001-01-17,1.7680650303451508,-0.24629464353453312,15.546707083604407,-13.9778291288889
2001-01-18,2.350820482634841,-0.27797651830214076,15.934697270089877,-14.802965043053668
2001-01-19,1.819363300326296,-0.930162765897916,16.85653627686981,-14.66300180176298
2001-01-20,2.3652867815908567,-0.49508873797625774,15.488263729569967,-13.712466268800323
2001-01-21,1.1776960197229622,0.8518598164239227,13.650198153176731,-11.392782730763829
2001-01-22,-0.17723271759493664,0.5750121898010216,14.734514948367204,-12.04215054927909
2001-01-23,-0.03705452316367572,2.4653364365695793,13.4874105326817,-11.071999925009383
2001-01-24,-2.2622386126742344,4.866362458092716,11.103584831603476,-10.890351721001018
2001-01-25,-2.0907626471469047,6.281075507186696,10.17759332685974,-10.215610186005009
2001-01-26,-1.2368061111561357,6.950630193997378,12.18069696145161,-10.497494553911121
2001-01-27,-0.489616543791622,8.50634285238165,12.850944088130158,-11.302900817653507
2001-01-28,-2.5973693070636017,7.563163548997899,14.059755393599868,-11.290875009582049
2001-01-29,-3.229608425160407,9.52310394380667,14.808366173316273,-11.136480592477126
2001-01-30,-2.688424640515298,8.39058838842472,14.498581669271978,-10.731523565034266
2001-01-31,-1.4690975147516496,9.675398670997616,12.844158286320365,-11.653768466657047
2001-02-01,-0.2892971083378235,11.00302146136638,13.263149818467943,-12.320347000463952
2001-02-02,0.22350246068006885,11.454718978222873,11.15116587282563,-12.317936165544925
2001-02-03,1.4106355139382147,11.725723158324444,12.005761861752962,-12.73719648793787
2001-02-04,0.06502653511389478,11.898309100732616,12.265398055340555,-13.41927690748985
2001-02-05,-0.3503562896938163,12.21331092043289,13.599821398142883,-12.917923476652483
2001-02-06,1.1357084462182527,11.68082826450995,14.319409603054039,-11.619852274958825
2001-02-07,1.0775910477460497,11.18489357299648,14.904565125330526,-13.505317347441531
2001-02-08,0.2488200790396845,9.77511445728708,14.676320223614756,-14.50075410820083
2001-02-09,0.11116900191545476,8.980710614081806,16.125459276165223,-14.619434641158035
2001-02-10,1.1548421481311741,9.104723272640419,14.654777388518461,-13.668327077874709
2001-02-11,0.6240094643592635,9.381737267172342,14.486852484733978,-13.328393470695753
2001-02-12,1.7693673345728145,10.793770931423646,15.325845683073153,-12.70444211361886
2001-02-13,3.708977099757366,10.500544900211144,16.253344787637538,-13.004865145724526
2001-02-14,5.279419021027441,10.414410585895835,16.170313932340548,-12.601826042445502
2001-02-15,8.015022291043937,8.933001895221928,14.307412215154693,-13.964222865195552
2001-02-16,8.69353422367646,7.135554957434486,13.535961501714858,-14.688056176097167
2001-02-17,9.467070144986387,8.107701507640659,13.634380796446179,-15.02259088521213
2001-02-18,8.514055468510081,7.786874958075774,15.492330048549295,-15.683229631960682
2001-02-19,9.954831279873117,7.0834240933691754,16.97803223889691,-12.357890492827487
2001-02-20,10.417468969418469,6.302615919175063,16.565558398062517,-11.799030959582021
2001-02-21,10.587228451406297,4.825687415325772,16.609505809878414,-12.272295342992532
2001-02-22,12.449710070056813,5.894847618263431,16.061983524458714,-12.701750551188915
2001-02-23,12.06472027004416,5.314988695754176,14.990280949533433,-12.176644828579793
2001-02-24,13.543798462579058,4.751665382786232,15.90159992639093,-12.64530554169613
2001-02-25,14.191480258002388,3.748680546480262,15.44712130136661,-12.584081677058721
2001-02-26,14.999860020565219,2.9966097273721166,16.341784004511464,-12.30487710175884
2001-02-27,13.534208795989914,3.453031745921426,15.931523944025885,-12.399350462703529
2001-02-28,13.960469057040909,3.045058833416973,15.499851273210924,-12.535593947264088
2001-03-01,14.184951244505097,3.780635415286236,15.848788530889932,-12.551297033819406
2001-03-02,14.771960488510677,5.642140730471839,16.910471861598666,-12.469915254049777
2001-03-03,12.676353227984487,6.2265016085953615,15.515153340453931,-14.301917310380666
2001-03-04,11.520030820237869,7.5417457802291095,14.332241505807408,-15.986248215251782
2001-03-05,11.05720332064263,7.2749494334960145,14.4493781249417,-16.639144590443873
2001-03-06,12.013901745838966,7.720335288226141,14.480626982859699,-14.395991694669142
2001-03-07,11.509402961591446,8.11593509869285,13.761069440192493,-13.66615413197399
2001-03-08,10.201208161628923,7.121235080436881,12.554440471946217,-13.73010507980579
2001-03-09,11.300210181225205,7.321686886870343,12.049052783399324,-14.081043612295904
2001-03-10,11.47144718089119,8.557385810523945,10.427572888141743,-14.260314432657735
2001-03-11,10.250836607964553,8.075462033163326,10.081841182650349,-14.099295506544268
2001-03-12,10.076079258709292,6.83375917078671,11.956615250293952,-13.388844150788103
2001-03-13,10.683108082123946,5.535628143403898,13.321937103513406,-13.238236263746199
2001-03-14,13.156518451619027,6.657827047478609,12.315777720698907,-14.30786564426637
2001-03-15,12.730573160598455,7.2029685921906745,11.717004039326536,-13.496846386685162
2001-03-16,11.736301725528532,5.79541228758258,11.20744306602506,-13.430061189147088
2001-03-17,11.724251253077908,5.10500130622391,11.105206720157677,-13.547504188021824
2001-03-18,11.838077703644878,2.8441194110815076,10.760397472233851,-13.536105212959477
2001-03-19,11.867503856817951,4.882874879755379,10.260168866926817,-16.190298286721806
2001-03-20,13.099505445965365,5.817273144089775,12.11604730130324,-17.756385501649184
2001-03-21,13.60403561038035,6.724471381916981,14.074510785293612,-17.63454289261263
2001-03-22,13.83360261989049,7.647626829378726,14.165957103634549,-17.85042241104646
2001-03-23,12.698875398098112,7.634343216897575,14.585091105711257,-17.16246330159499
2001-03-24,12.305074870146326,7.542333290949364,15.095008956577118,-17.972676764840376
2001-03-25,12.059856891090215,9.211550384529328,14.395763808653307,-17.631017356621108
2001-03-26,12.853880760473398,10.747986250879432,15.388954667627702,-16.953268626568686
2001-03-27,10.985794743973583,11.016776615857559,17.044268031011192,-18.544058071996282
2001-03-28,12.11109534863867,9.804525405121097,17.946840632843976,-17.953885250632716
2001-03-29,13.8647535621426,10.56229921442645,17.68705779686083,-18.189304338094175
2001-03-30,13.849131336385904,11.707862819840265,18.228459328513527,-18.48343089042063
2001-03-31,13.183696214600554,12.552158495479013,17.044626745536096,-17.88235021591891
2001-04-01,14.768506251425249,11.252586378818094,16.31694321164272,-16.036757262901194
2001-04-02,16.71587319150803,12.313062397252144,14.850348578903487,-17.51980492875367
2001-04-03,18.28686413700083,13.251370686358142,15.030268609934337,-17.72958375626948
2001-04-04,17.94892702079586,12.25414687244801,13.779090692129442,-17.84891016545444
2001-04-05,20.146881757290817,11.114343623067708,12.11891015290522,-17.997925898890365
2001-04-06,20.95316980140467,9.095241070682814,11.684942675253286,-18.95273317286306
2001-04-07,20.951559325556357,9.107746792111673,11.554341167725783,-18.547389806424054
2001-04-08,21.77136808345947,8.89931914419951,13.093306104685745,-17.77016121059368
2001-04-09,19.881884686450373,8.109819925135495,12.946945163717714,-17.57611737340805
2001-04-10,19.492586552261603,8.004374551480046,13.167269519915516,-18.234420791389212
2001-04-11,18.018849264550454,9.31288136003827,11.662575284446744,-15.776981036386104
2001-04-12,17.22096598628291,10.42263159582354,12.306725542413403,-14.954004145642331
2001-04-13,17.243377752296762,8.667728234133458,10.317943287528593,-14.4762396672334
2001-04-14,19.027641981114993,9.7865977454699,11.305108523785245,-16.093060953652447
2001-04-15,20.017488462217806,11.14229779445686,11.251262928742412,-14.141481974598866
2001-04-16,19.2756140590018,10.789378641188732,11.47273727195106,-12.650063454169983
2001-04-17,21.09313709809995,10.670295393546612,11.782160781961208,-13.332930893580281
2001-04-18,20.92164018289808,10.677228989684016,10.967410997762814,-15.126808198974143
2001-04-19,21.350235732804013,9.849867541770923,12.071814374098588,-17.55769177591099
2001-04-20,21.354663162489153,10.464189900041664,11.514777342560079,-18.21774250843499
2001-04-21,21.4556993175803,11.130226024852618,11.013557048817813,-17.74365677062205
2001-04-22,22.626528020585933,10.947324386344716,10.480153104860198,-18.21246292073985
2001-04-23,22.94316747571368,12.011213746136995,11.065640605881894,-18.510595094169446
2001-04-24,23.850159878979113,13.158000496126924,10.41900115202755,-18.91266365565035
2001-04-25,24.008271123922707,11.104038155470324,9.761207400110548,-20.037831494614316
2001-04-26,24.252659647919383,9.785878291730356,8.154434436490352,-22.844408835145753
2001-04-27,23.09914351323804,9.029780364129993,8.074504010348063,-23.28763845009004
2001-04-28,23.141428572694,9.988369893827993,8.156139545898299,-23.933881241823098
2001-04-29,22.578060846727578,9.718954850087078,7.569596374689209,-22.77814318208282
2001-04-30,21.047944414029992,9.69300516782345,7.768697625109815,-21.818708932907747
2001-05-01,20.844842884981546,10.401430335288419,6.732964868127273,-21.026371838581504
2001-05-02,20.8356794914775,10.572311256932204,6.1681912022041,-21.5718244602468
2001-05-03,22.38188338831067,11.630084914242854,4.239958132986061,-22.44727776060897
2001-05-04,22.71887847998158,10.017457653630528,4.981978211324698,-23.95094882106852
2001-05-05,22.30321187816887,9.168524658684616,4.63868231469981,-24.672338363292017
2001-05-06,21.967422281665534,9.623448351588282,5.5672641585792375,-23.828889412683548
2001-05-07,23.462591392603027,7.948485394780265,5.550195931613355,-23.944266995431374
2001-05-08,22.433472848669393,8.090055896312599,4.757536082631203,-22.1896243415191
2001-05-09,22.26355187682334,8.560743637708194,4.6917153927572155,-22.944061890758377
2001-05-10,21.384956267861963,6.509945790081207,4.641562216914777,-22.60776272863826
2001-05-11,21.857896919985745,6.271684093646517,3.7885868519343786,-23.340079513110577
2001-05-12,21.86673513794963,7.550158975662214,4.1869738773473255,-24.963364474233533
2001-05-13,22.527749958852098,6.459731055353439,2.5666028469900812,-23.473300738714588
2001-05-14,23.077181928241206,6.92961466303793,0.84270724673153,-22.730874662401092
2001-05-15,23.448164844904067,9.186884946332372,0.36725283041287604,-23.889250591246437
2001-05-16,22.81696349872108,7.919239765315185,-0.7476450400464619,-24.41179841769351
2001-05-17,22.98885593920187,8.250191648635942,-1.3642290574994675,-24.349748770029915
2001-05-18,23.370898907785968,9.855347783710842,-0.624106701645042,-23.94627797347703
2001-05-19,23.785977059515673,11.616483748896195,-0.6924670885841153,-25.436429837098704
2001-05-20,24.366255864198976,9.563501019708454,0.9791166916431013,-25.33913946775847
2001-05-21,22.690560066453447,8.538277573184727,0.7849508845493209,-26.21475363201569
2001-05-22,22.838320433744023,8.076763167147135,0.5685398931099168,-27.624705776913206
2001-05-23,23.51809061376259,6.951625559420446,1.9893135980688859,-27.73758221760698
2001-05-24,24.43924229774605,6.705212396202036,3.2608221883449415,-27.593711493508213
2001-05-25,25.08608535052645,6.345761395825253,1.723986275605058,-28.476505182621885
2001-05-26,25.021894876036548,7.584561943302828,3.080893240136547,-31.561847344376172
2001-05-27,24.99115257857771,7.515120477015792,2.9557574979259464,-30.9836950723975
2001-05-28,24.720778697868333,6.177574349840748,2.2338238122140326,-31.106419210813584
2001-05-29,23.31631209873139,5.421208077225341,2.1943948843973393,-29.15626032602091
2001-05-30,23.462920913105865,4.1384961410605206,0.7206375788411457,-29.146358435406384
2001-05-31,23.69590286915926,2.4961479385677325,1.068722541091033,-29.940608803537216
2001-06-01,24.011183124156357,1.4685230768679796,1.8549216578317353,-31.502239700997887
2001-06-02,25.078471517340894,1.4117952152396753,3.994757370907961,-31.777263027859224
2001-06-03,24.551176880111594,1.1330180619106638,4.14898805130441,-32.51353015959948
2001-06-04,23.278371724843836,0.9964462690662851,4.701464996745134,-32.133692405399714
2001-06-05,23.985155452144216,1.5237285764754667,4.4556658779193405,-31.551536787082433
2001-06-06,24.36747096406661,2.284013975111847,6.344204133227743,-31.073807415827446
2001-06-07,23.561696674982315,1.9456128168131275,7.587777769492551,-30.162992071237447
2001-06-08,23.546479236679996,1.659488024531943,6.895609222858203,-31.136127768390022
2001-06-09,24.804676350449405,0.9744828329189524,5.6083231953848625,-32.12508664189665
2001-06-10,23.745830183399043,0.45405658061139254,5.705356193800355,-32.61977586338727
2001-06-11,24.93428729783475,-1.676703057930106,6.045367933333891,-32.16295573774291
2001-06-12,23.070670739018652,-1.950407454943391,6.025410775868926,-31.898760327422483
2001-06-13,23.897826863840486,-1.7201681071120862,5.665591106661834,-30.335171323327142
2001-06-14,24.241231632920982,-1.8521762374978772,5.258315174208629,-30.36433828450182
2001-06-15,22.730288154818762,-3.0058681788051054,5.09571527681736,-30.57545729694227
2001-06-16,23.87606576620062,-1.4645368028482413,5.086734576021198,-28.182658198598958
2001-06-17,22.36790021687582,-1.281726208267331,4.389929076163168,-28.169462022662223
2001-06-18,22.441546316231456,-0.9230660785865938,5.305876559238907,-28.30274566528646
2001-06-19,21.673382196673693,-0.5920042867144053,4.989728307598568,-29.38040929152927
2001-06-20,21.457026741725887,-2.230782548252749,4.872220244006074,-28.13387105180778
2001-06-21,20.330421117573096,-1.062208041928317,3.903801899304339,-28.66224203229252
2001-06-22,20.477796887950806,-1.363508828911336,2.642501554567831,-27.90434651708496
2001-06-23,20.25544453469487,0.16283634822070248,3.3256948869854153,-27.24878295351222
2001-06-24,19.012860888952417,-0.5156054681429536,4.046515838995365,-27.384627989882677
2001-06-25,19.44776919689953,-2.0265208052043566,6.040245773168712,-27.485933625825353
2001-06-26,18.99015393082377,-2.5406253820004756,5.814592894064529,-27.557763227702896
2001-06-27,18.373563419117687,-3.0172586815486513,5.043218172766673,-26.678562297296434
2001-06-28,20.436643134621857,-4.23298455150579,5.392672721368322,-28.360975798297876
2001-06-29,20.049028642562778,-4.1130454016539755,4.934786239244596,-29.11355656315317
2001-06-30,20.11263345998919,-2.6625343374303516,4.540835450603015,-29.30484904654219
2001-07-01,19.10323118287701,-1.8821033551915838,4.299963224337722,-28.819058017722796
2001-07-02,18.31023221108099,-1.2444526047268156,4.755037889026008,-28.348156947951274
2001-07-03,18.790986088046928,-0.6549257971386732,5.94978350131804,-26.68635439970029
2001-07-04,19.916419118612882,1.0281302022562944,6.00529470755853,-26.526610630715442
2001-07-05,20.755164635478938,0.9157255737577763,6.921676034714337,-27.844071379043832
2001-07-06,22.214811560456273,0.11272098866163505,5.716936252606961,-27.144475807897877
2001-07-07,21.62654278876239,0.702439959689447,6.805043212819709,-28.16655202668041
2001-07-08,20.032948035879244,0.28097000571507263,5.95215723708222,-30.41639147953473
2001-07-09,21.70732984926802,-0.6351824624825946,6.069985261849471,-30.356567915695674
2001-07-10,20.78333671127175,-0.9903422548186509,6.192490139375139,-29.76832280918704
2001-07-11,20.975317470989523,-2.4576836624438054,5.273879647338083,-29.505950212250053
2001-07-12,20.27627803897633,-0.46685377414787954,6.168920610379753,-29.663246374316834
2001-07-13,20.210916603625293,-0.38583594756655376,5.296695925793848,-29.147582700891036
2001-07-14,19.72346400644249,1.1075370582022843,5.7421853167709145,-30.129201461110373
2001-07-15,20.004597853932825,0.914170248011065,4.775454125690497,-30.76754658697657
2001-07-16,19.84247685442693,1.1468383273594058,5.681322715804235,-31.63738219342589
2001-07-17,19.203114665891768,0.7084665510560224,5.352011212589202,-30.973153204824087
2001-07-18,17.389305766626492,-0.28178505739078974,5.575213629572811,-30.4409981320081
2001-07-19,17.060864241486897,0.6673570922008927,6.976241435301415,-31.663090458195015
2001-07-20,16.865672894165353,-0.40388319986001475,6.927966171352452,-30.393092079604457
2001-07-21,18.36334340828842,1.4516761670269482,5.606414414889354,-30.336140356136287
2001-07-22,17.84572444729805,1.7695663530239867,5.706506741932677,-29.025956516636118
2001-07-23,18.120922201010828,3.1068727336431334,5.672894235936567,-30.051388797159564
2001-07-24,19.410093309228433,2.831505263952569,5.538482733569639,-28.2181457366041
2001-07-25,18.950221941193934,4.508092003539348,5.084439783284701,-25.984833902026118
2001-07-26,20.24967960104388,5.539585461084043,4.36646359715508,-27.04832851269801
2001-07-27,19.12179663097906,5.832974258474065,5.316191773361937,-27.40224735448088
2001-07-28,18.61797483647017,5.7328809453185725,2.635826115794037,-28.018709955734266
2001-07-29,18.13548346952947,5.030052851697103,3.6530369442487842,-26.564108444764603
2001-07-30,18.16211398747868,4.786250273207903,3.625352625769427,-26.277977116164287
2001-07-31,16.600912772137786,4.657802672811109,4.123038324737991,-25.387570486667247
2001-08-01,16.211860567289097,3.7294785231825163,5.579742255611041,-26.96968121928125
2001-08-02,14.638858769463331,5.271556304493105,5.153396669058797,-26.86003277461955
2001-08-03,14.930746220999058,5.982814175170557,6.537148670363174,-27.84723093315137
2001-08-04,14.768521526710503,4.677096524234057,6.704603420301649,-26.687874695964044
2001-08-05,16.175279340091695,6.936522756619057,5.139610774575321,-27.615854678376756
2001-08-06,17.272331543652918,6.730541241048102,3.924109244358842,-27.64559151355898
2001-08-07,18.193838475751434,6.988208140175953,4.70706733280795,-27.90315214129626
2001-08-08,19.821897049433215,6.6583720281798735,3.0000967618903447,-29.431769528201254
2001-08-09,19.939362845445814,6.656534682938621,2.85979190172095,-29.846839006548866
2001-08-10,21.132955679933865,7.299787959865561,1.8761465098996746,-28.026004142477703
2001-08-11,20.201110078776644,5.599698764037944,2.445767596146959,-30.411324065695823
2001-08-12,20.87208357797171,5.706174294577609,1.9005625487116244,-29.959572061808192
2001-08-13,21.766409827229797,5.94517037660276,1.6929226067249699,-29.910669937890344
2001-08-14,20.70942440990282,5.54684872256609,1.0872379597010209,-30.138638365357632
2001-08-15,21.11460873389231,8.337357921479438,0.9834866975884158,-30.449711629043634
2001-08-16,21.6514677043275,9.421818875080849,0.935312700701462,-29.13578408144749
2001-08-17,22.950157264386476,11.224207655250169,1.0500937234874748,-28.29797189140468
2001-08-18,22.233917061380367,12.625108671956784,1.834608729643758,-27.95888800295419
2001-08-19,21.704427374867773,14.580135327288737,1.4683188180176332,-28.788713061940758
2001-08-20,23.44494294477824,15.160573806066534,-0.55840748761669,-30.410690344670744
2001-08-21,24.356915806492815,17.287231854756413,0.1864985553724764,-30.851259163477387
2001-08-22,24.71354935004805,17.56563514612457,1.048960583953419,-29.95012275024678
2001-08-23,25.20677899030465,18.952783662245984,2.8058358469465663,-30.373171330455495
2001-08-24,25.709283237582127,19.681254335073024,4.43570803338565,-29.948139605002932
2001-08-25,26.256773585502625,20.501257630231166,5.369776220197513,-30.902479510865007
2001-08-26,26.503307778516646,20.27855584478157,7.119741474544073,-30.24794571142817
2001-08-27,26.543980904498248,20.358504696843053,6.708565758648991,-30.588621717895418
2001-08-28,27.38458091363443,20.441482940226074,6.1538611507654375,-31.445814332473457
2001-08-29,26.75814535388289,21.08795225959778,6.710963773572797,-30.193788022430603
2001-08-30,26.88950315532124,22.622969076139228,6.200253748280314,-30.67883862211984
2001-08-31,26.823177464484942,22.943831708766503,4.6829942894080805,-29.759125730211625
2001-09-01,27.340493864695667,22.331950519877054,6.276476307822455,-31.344761567911743
2001-09-02,27.409984235117285,21.643536048689064,5.624205332426333,-32.21727569822586
2001-09-03,27.75088401891259,21.89612280327983,6.262785222196097,-31.014046785931402
2001-09-04,27.006338300568533,20.84322347764697,7.112472624481876,-29.11286884157342
2001-09-05,26.380891614007126,20.82414263473517,8.192352782857856,-30.172908678808685
2001-09-06,26.19506736321003,20.659949193658107,7.308248780025299,-30.47425214985496
2001-09-07,26.20926736624723,20.62140635057813,9.012997625434615,-29.40494650508571
2001-09-08,28.010313047178347,20.51392024131032,10.269936581055378,-31.521590283548374
2001-09-09,28.026587304552105,18.708769646614893,9.124824239086477,-32.031184133992035
2001-09-10,28.928105724109855,17.98055123176974,8.969686825019004,-33.48626084321895
2001-09-11,28.978643728404563,18.707991071208642,9.972355362366324,-33.91681299768707
2001-09-12,28.863295354496664,17.968298189006013,10.157241165818261,-32.719024637267005
2001-09-13,28.403555656534685,18.89086307495899,10.50047525079584,-31.040364181556168
2001-09-14,27.362804664133755,18.97233713409258,11.113008473516901,-31.85782106003697
2001-09-15,26.665143424755918,18.684991359889672,11.912693129980296,-31.25324755803263
2001-09-16,27.615564034950367,16.453603568032534,11.246484423331456,-32.495061782864255
2001-09-17,26.362756112371372,14.5818782418689,10.405603263891043,-30.9952228711894
2001-09-18,26.691937471075782,15.484659079807976,10.5542682887271,-33.2763101282558
2001-09-19,27.253795678205485,15.762833051965089,10.980657765865171,-34.2179730439982
2001-09-20,26.896546362874314,16.345149599797697,12.132752561871925,-34.22695715800065
2001-09-21,28.573330101295088,17.5078420584707,11.104448062664886,-35.027780110025965
2001-09-22,27.100652020680744,18.02027959851978,11.062888503991378,-36.400501834286196
2001-09-23,27.114477845261558,18.413471939482083,10.292020450004504,-35.88946207019368
2001-09-24,28.58739028099397,18.786216200733744,10.565778413922928,-35.28245911181545
2001-09-25,28.373521994834206,16.648874898915686,10.532784716937885,-34.37782361683643
2001-09-26,28.75923297872557,18.057610720302282,10.92854789016734,-35.01740599677686
2001-09-27,28.598469754817604,18.8462271470686,11.596451124394802,-34.800253537086846
2001-09-28,28.56880564217526,19.071942076131567,12.090912761308166,-32.9846909994745
2001-09-29,29.357544230230662,20.085061637723577,11.296752372586347,-31.583620051648865
2001-09-30,30.45578155447434,19.858460381877414,12.87778115270426,-32.216930849727824
2001-10-01,28.818460965433964,20.502341227894316,11.996320335450587,-32.972462777762296
2001-10-02,28.03127299332023,20.836981285042874,12.380442457803666,-33.00894228006561
2001-10-03,28.252503263186178,20.461449259258192,12.030888917160137,-33.99869146714141
2001-10-04,27.519012938134733,21.40948159918305,13.95683433034222,-34.83125279212791
2001-10-05,26.970135890499268,21.28227017760026,13.22669125606601,-35.96368114056621
2001-10-06,27.259368119026306,24.124233780368296,12.287763339261923,-37.36344871680187
2001-10-07,27.254551516522504,25.051764759717283,11.111694860722235,-36.94652779483532
2001-10-08,28.309538017529388,24.035020567235026,10.180318804951325,-36.363969288485656
2001-10-09,28.588088235206122,25.776360630339603,10.035596078613132,-35.743123798172654
2001-10-10,27.10531186646088,25.0561943405263,10.3014395476357,-35.68324019889615
2001-10-11,27.520141878315002,24.15642282105308,10.147437513256177,-35.681133688808956
2001-10-12,27.796650417515746,24.18481076033505,11.693818163163913,-36.14223671912876
2001-10-13,27.539035913128938,24.71295716720621,12.632743573315857,-34.78530075672529
2001-10-14,28.093275997390137,24.676795035669812,12.653531390131068,-32.19372829815987
2001-10-15,28.35573169162766,24.919016250825393,12.90352116698774,-31.20392604775228
2001-10-16,28.252841387642317,23.92073728445677,12.48186361216537,-29.628245160659503
2001-10-17,27.53563410531049,23.9070857278031,13.682918413204536,-29.83474198822032
2001-10-18,24.72132771686848,23.667724317197614,13.046463837899013,-28.922209114149158
2001-10-19,24.527863318789024,25.108638744577338,13.689641670166692,-28.168854932483764
2001-10-20,22.023853232413558,26.048354361995568,13.998236046034553,-28.337328747131988
2001-10-21,19.949980326288987,25.47653785407747,14.78865889056467,-28.50155306711757
2001-10-22,20.03839015741488,24.97744644852008,14.133849150235086,-28.48782853806512
2001-10-23,19.842178479283668,24.489646610302678,14.27665866474008,-27.352720691682705
2001-10-24,19.670153105478004,24.35523843223125,15.283326442836165,-27.875297950569678
2001-10-25,20.621905805935253,24.404428547694557,14.699275550644241,-28.764234697178548
2001-10-26,20.73585653819057,25.183949849632103,14.006517402042478,-29.272305321696823
2001-10-27,21.33776033593714,26.472945109572716,15.430893867557304,-29.700479488820474
2001-10-28,22.37587057807487,28.176096230207037,16.79984115668133,-30.63565152673726
2001-10-29,21.89733151314224,28.919345974532995,18.961764136964327,-31.690760015256462
2001-10-30,21.14486255597872,29.984967524150267,19.007398760770464,-31.067511551241765
2001-10-31,21.2449576512882,29.24568809510324,19.938865757715334,-32.14177910431275
2001-11-01,20.967348366973283,30.263627318362268,19.578484304653085,-30.95126542593539
2001-11-02,18.990769749036662,29.186620964375834,19.350026517899146,-29.822386752007134
2001-11-03,21.144249492465473,29.694366405823285,19.62795820036028,-30.493759413583398
2001-11-04,20.931186141615864,30.48020712340737,18.56083859685549,-31.224452161250582
2001-11-05,21.541454736644468,29.35979605744279,17.58623638324953,-30.321029884443313
2001-11-06,22.317351985807043,29.506423131723746,18.217623461257567,-30.412969943467672
2001-11-07,24.44574620620283,28.557702176095326,19.021265940994684,-30.20528456583438
2001-11-08,23.66216832274054,28.22576724600315,18.207690661783687,-30.09194328373293
2001-11-09,21.918952181488557,27.981513063307318,19.903876432796515,-29.224504258792965
2001-11-10,22.451290201817265,28.758282225002535,19.057666282234713,-28.738206504139995
2001-11-11,23.440796850638076,28.700421063208445,19.529693262061492,-28.18497840154588
2001-11-12,22.895733232492642,28.141847172010085,18.663266721115342,-27.706436109956783
2001-11-13,23.060706485400114,27.625181389878357,17.89099526548755,-26.87151612966971
2001-11-14,22.803704201426285,28.328682491691488,18.355040041114915,-26.404116317882888
2001-11-15,22.308729967865165,28.619286183013255,17.792809899080694,-26.423117818622924
2001-11-16,22.0341280145691,29.088830480770017,17.030519765195464,-25.119634828144957
2001-11-17,23.152427207896984,30.00846554611815,17.31764934619675,-25.957651172259553
2001-11-18,22.850432075124623,31.295277732777564,16.92454950822513,-25.221877141449806
2001-11-19,20.882328800875868,30.425699284140208,14.681927067582302,-25.155312790632827
2001-11-20,20.71262890942276,29.962205869350328,13.657232657174125,-26.8526687980778
2001-11-21,21.25528513801503,29.913402996906637,14.496938377759573,-22.759401171812968
2001-11-22,20.943803003072993,28.823250902306807,13.928638646302199,-22.66303563409934
2001-11-23,20.653576527563423,29.152638724887716,14.811167595914739,-22.96522668622217
2001-11-24,19.830135639495317,30.128126360506233,16.063384105325056,-24.20906132471281
2001-11-25,19.516107694206184,29.99379642044314,15.203595110897938,-23.857737621422
2001-11-26,20.290731618994382,29.232926752023108,14.926372271659233,-23.309783541952456
2001-11-27,19.483636813045134,30.57636278623713,15.577146493045154,-22.86727428742769
2001-11-28,20.152313176299156,29.366669012838287,15.367548292709907,-21.923400662659336
2001-11-29,19.819822939827347,30.824380589531568,13.82408547903744,-23.21284397169944
2001-11-30,20.08819163084066,28.81162045001463,13.797282523606695,-23.387639616121017
2001-12-01,19.472315095619454,27.56685051246844,13.613708406338176,-22.957249487907703
2001-12-02,16.62594835478885,28.281691401893685,12.674918044230616,-22.670298606964327
2001-12-03,16.865100429391468,29.397504990453587,13.327829507808744,-21.42840286720178
2001-12-04,16.491636869135633,28.096645549599042,15.47840369104463,-20.584850757767278
2001-12-05,16.76425797745023,28.65824750364633,15.623009379892606,-18.941445195300894
2001-12-06,16.449933452561517,27.759758005644183,14.62033637883087,-18.572967075413874
2001-12-07,16.13475882855202,28.07639026924768,14.96372021241673,-18.778530831043327
2001-12-08,16.837545427275593,27.997249528012905,15.02314227826895,-16.253837689091554
2001-12-09,15.9895252776071,28.251526415773313,17.837861628801804,-16.520661848250462
2001-12-10,15.533194621151308,28.793681347338865,17.973535219566056,-16.41665538258549
2001-12-11,13.897675499376106,29.738956525898523,16.409509390275147,-17.810752409299173
2001-12-12,14.783411652337497,30.29420504219175,17.175056527929556,-16.74740013538525
2001-12-13,13.420328846506493,30.471725512061205,17.107850236649213,-17.42884039001353
2001-12-14,14.705704162279114,31.05807671910577,18.615284645982868,-16.711612113553876
2001-12-15,15.38357090762475,29.533161000491393,19.124063764562408,-17.282211150464754
2001-12-16,15.856752364512086,27.36589904718579,19.879702376662838,-17.431595022179554
2001-12-17,16.088860090716324,27.737725438566876,20.679263421984263,-17.065229658847898
2001-12-18,16.82072486626227,27.594848305726888,20.25157690776309,-17.65213608459519
2001-12-19,17.733845393606508,28.283510224848495,20.097794131655796,-15.897387732569586
2001-12-20,16.94108602203412,28.423247539364457,20.84932336449854,-16.433890041677156
2001-12-21,17.74551803840297,28.497600279202327,21.148976420926825,-16.986576360041564
2001-12-22,17.092630525588458,27.4099478672849,22.9777922630917,-17.137243342337683
2001-12-23,17.263002114188268,26.943682919738542,23.254171844692078,-18.978282884272595
2001-12-24,17.213744315533454,26.813884283757815,22.96202737478464,-19.429063942377248
2001-12-25,18.073858328164896,26.096156386885617,23.31462586462782,-18.70864070794282
2001-12-26,18.281177644701113,25.315571168798694,24.293696068076798,-18.9477704859334
2001-12-27,17.43814093663037,25.033792670560953,24.38931649608814,-19.07304834361571
2001-12-28,18.16776284716381,26.081093215427078,24.564627224141528,-18.07658404806961
2001-12-29,18.078422642219977,25.819065231993537,25.23971009316297,-17.60190730898872
2001-12-30,18.829891895824574,24.485507631272522,24.761508751035247,-16.236117065543798
2001-12-31,18.719639790404923,25.100298654347892,24.845508026173203,-16.88053019248682
2002-01-01,17.046343853409148,23.615332440362128,25.544952545096514,-16.143658723228167
2002-01-02,17.150399654950135,24.567190179013252,25.42091678927508,-16.781614691889942
2002-01-03,16.165244173286204,25.54058621650528,24.863489756460776,-17.04260772026019
2002-01-04,15.734262101428236,24.358047322408858,23.691018269549097,-15.716515659559862
2002-01-05,13.993855468194969,24.690512410388287,23.727499989967285,-14.415650119607907
2002-01-06,12.501765299017931,25.34798142840848,23.564072624034683,-15.137244417016733
2002-01-07,11.952077910373845,23.77021204010396,22.16607538688509,-16.50267243344331
2002-01-08,10.199174049727745,22.96713027166789,23.270986402248376,-15.463535132937857
2002-01-09,11.712153049434848,22.619515976419905,24.05398740379211,-14.513313759174885
2002-01-10,10.937704159590906,21.441983441784494,25.048362126761436,-14.528261673667568
2002-01-11,11.211663748437626,20.847238513945896,23.53972840809849,-14.599643953437496
2002-01-12,11.054312050000863,22.52180415589646,22.282443642426344,-14.976962676893018
2002-01-13,11.804434390020262,21.675574972061955,22.84135724461086,-15.285452457424924
2002-01-14,11.612369505395069,22.067110619454994,23.461773576322337,-15.676496353756626
2002-01-15,12.671495464803737,22.598863554284804,24.43864556717572,-14.316083104258192
2002-01-16,12.42593813553325,22.978301499006356,23.57573195904449,-13.238462853021865
2002-01-17,11.793901965521592,25.398850714078662,24.506999928567314,-12.344864154964743
2002-01-18,12.165237765797528,23.928420267144343,24.412627765078046,-11.804808031408307
2002-01-19,10.962410420485323,25.46147828873412,25.259372735830492,-10.303535342471143
2002-01-20,9.50088303523207,24.46086759721711,25.451398424210392,-8.880953844954183
2002-01-21,8.582203341792399,24.926395008413255,25.411732410654114,-9.55436289921583
2002-01-22,8.94689911092979,24.57729468982338,27.033906777041743,-8.750631551490596
2002-01-23,8.914968291820822,23.296302224721067,27.181572928385012,-10.337969598238171
2002-01-24,8.327321699859276,22.774770899994454,27.619178920055596,-10.271577849852033
2002-01-25,9.459050885986837,21.465776704551825,28.32430481100543,-10.961572295358359
2002-01-26,10.369225191407539,21.315172889385956,26.4187364983173,-10.787187872463019
2002-01-27,10.704107753639155,22.94239226326261,26.628055745258266,-11.828110256763829
2002-01-28,10.204367741330794,23.494192718837954,29.534587546958075,-12.949172654277964
2002-01-29,11.675774539857198,24.121375465981327,31.791919269339232,-13.146440038381453
2002-01-30,12.619315102399684,24.930942298949216,31.17120928453214,-14.662445087795051
2002-01-31,11.122622549787234,24.3442171285839,30.39937096793882,-14.638686770223892
2002-02-01,10.52857065515437,25.62618833088931,29.587273401125056,-14.244424276270829
2002-02-02,11.097856440301749,24.78917784670323,29.93092801636935,-16.05099647610436
2002-02-03,12.600518156157392,26.06379974386829,28.719677439739637,-14.699227610292064
2002-02-04,11.646250300622237,26.782684487090965,29.411839678569834,-14.14869089747136
2002-02-05,12.263376443481619,27.123769696704677,30.042877676766274,-14.660552854061471
2002-02-06,12.326083997840529,27.924064544189388,29.09812869013346,-15.48066854436083
2002-02-07,12.509852422796511,27.53981776256812,28.43399330210205,-15.51749152491514
2002-02-08,14.592288755500482,27.6639333301035,27.194549769927598,-15.704428478740155
2002-02-09,14.618220194440203,27.48418819075809,27.632999493007784,-16.430297402887664
2002-02-10,14.995096581759947,27.870302838168406,27.26030260454089,-16.7443587801608
2002-02-11,15.063328832644153,27.913498444815744,28.426636616479005,-15.61752888954712
2002-02-12,16.381158653143373,26.201906018057212,28.634711037686507,-15.5294336062918
2002-02-13,16.681519989577424,25.01036202481415,29.637167245303772,-13.206892464448268
2002-02-14,15.870703992762529,25.429179201446807,29.283872127834318,-13.254142247700148
2002-02-15,16.86789144493104,24.700051468064498,29.052289527351,-11.77910599480235
2002-02-16,16.723070772699437,23.900207331461647,29.856426510748534,-11.430218565400033
2002-02-17,17.606161567577182,24.584426622638972,30.56820368135686,-12.415115906299105
2002-02-18,16.455982937108985,23.623599490821114,31.58934061509959,-14.085930355937549
2002-02-19,18.11275476725942,23.14694193740384,31.321414232051946,-15.103895025062043
2002-02-20,18.004082040084977,23.30639952127431,31.43875421996235,-14.270348492208
2002-02-21,17.326422140919014,23.55747024940471,31.07016839795362,-14.791452355845532
2002-02-22,18.861634200773196,22.664106197015744,31.36238876973653,-13.98340764695447
2002-02-23,18.544978338466176,24.784405651155915,32.302717289321464,-15.595906964266488
2002-02-24,19.539296988608566,25.931610834740628,32.850680461610146,-14.985692289800754
2002-02-25,19.16266045302598,24.460024262428515,33.44252572007988,-15.890652405818107
2002-02-26,20.759718513574636,26.267495897653824,34.20904814258706,-16.130967383553994
2002-02-27,21.23284248850157,26.28688725980414,35.16681800202004,-15.202137943541882
2002-02-28,21.174306861612692,25.177948602581345,34.37061364393357,-14.488420453315872
2002-03-01,22.075089570592134,23.84678233705918,36.00359558622435,-13.121832234851695
2002-03-02,22.174696271926976,22.637724269198472,36.89004348369376,-13.846913010314642
2002-03-03,20.824708140658053,21.398272905926873,36.74689348640367,-15.285105779553462
2002-03-04,19.88844687984405,21.156327368057468,36.73039106528921,-14.980950871483552
2002-03-05,21.08704104635891,22.643453891612396,35.538338023220504,-13.993943498456508
2002-03-06,23.045928801532998,22.27588487312624,36.57352938694374,-13.49111186553113
2002-03-07,23.367586992962337,23.49381729679477,35.991537258633244,-12.056533101019228
2002-03-08,24.462054619180744,23.70009140992048,35.52415784660371,-11.989333452029884
2002-03-09,22.63469823971147,25.255123601880552,33.58241519831954,-11.480007668822017
2002-03-10,22.66386496567082,25.409501323478818,33.699377899360194,-10.197056422450487
2002-03-11,21.61556088570775,25.17509585413232,32.72531093587972,-9.312127651266938
2002-03-12,22.158648171670066,24.731555130264304,31.99309392551882,-9.109168634739705
2002-03-13,20.962081262189326,23.89223469998615,33.03642618553235,-9.195209834031637
2002-03-14,21.193971690904732,23.5141452673866,32.58686825091874,-7.684617204603636
2002-03-15,22.599257694959554,24.43603740896512,32.414520515109366,-6.395669837316032
2002-03-16,23.391196468438476,25.7395872411564,32.520197886775314,-5.186910410800831
2002-03-17,23.54861364230348,25.159423802488476,32.40859446091027,-5.637960174706264
2002-03-18,22.408031453632766,24.76891091729342,31.948710127088777,-5.517380045534666
2002-03-19,21.22833905629142,24.604216570856543,31.5394313026894,-5.067998112997357
2002-03-20,22.906976521697448,23.45031775756254,31.29483626067461,-4.23554547674758
2002-03-21,23.561735901973805,23.47676391520351,30.724147569406785,-4.000991604243539
2002-03-22,23.586243411622473,23.44326749093481,31.169787515051706,-5.240025468786759
2002-03-23,24.600839055080097,23.572160686078725,30.82541073018504,-5.304977882712607
2002-03-24,24.370000654977158,23.390538570162786,31.902889530852786,-5.629719428382455
2002-03-25,25.505257242436933,24.241375812633617,31.83163014659671,-4.131319572617712
2002-03-26,25.246027381534212,24.047284483906694,31.787642734909756,-4.032267298216142
2002-03-27,25.18465104935991,24.78579075712946,30.43554210115848,-3.4152050708436614
2002-03-28,25.586742996314122,25.115364770236308,30.07608821395207,-3.5149234263399975
2002-03-29,26.37587040993551,25.248769381533723,29.616863689161274,-3.1220012586601
2002-03-30,26.728736121363408,26.02063526543081,28.457818171811706,-2.4836395622397203
2002-03-31,26.405199924989674,25.442967999062443,28.1531626078811,-3.4406800096257064
2002-04-01,24.64572982595108,27.00823372051814,25.256836844207896,-4.2751334726631285
2002-04-02,23.270886850021505,26.757530049772914,25.55257532056362,-2.5426591642232443
2002-04-03,22.431329272166344,25.703071446380072,26.701471262923395,-1.8047045595162594
2002-04-04,23.018843388394437,23.644984922586712,26.571779659893803,-1.7978317809319595
2002-04-05,24.998371123683597,22.086478169917697,28.480676303238393,-1.4516562711315106
2002-04-06,24.74064192136947,22.46392858383474,28.743549070876956,0.07272039068475888
2002-04-07,25.88337638036484,20.751550111697327,27.708445772707275,-0.49869730962792935
2002-04-08,27.43697004544418,20.459699417916042,27.356494479894717,-2.587842682680505
2002-04-09,27.80678998692645,18.037329652151392,27.74054420579505,-2.508978678217305
2002-04-10,26.60210003369255,17.67126994852343,28.305124352440572,-4.0352035290916834
2002-04-11,25.345867662528004,19.69200639513945,28.5788298123002,-1.1035494119047007
2002-04-12,25.194372279140076,19.22798749899365,28.393104902672718,-1.6921778864984502
2002-04-13,24.387674990932776,20.23759001685406,29.74161172324257,-1.5382899583586993
2002-04-14,25.381520998032023,19.947142043780442,27.88179790866328,-2.3178847674290592
2002-04-15,24.352206675833667,19.619945718658734,27.72202808870003,-2.2924735217276977
2002-04-16,23.71048826910857,20.612776840316293,26.162296748724422,-3.5426479681194776
2002-04-17,24.040983671619987,19.756977015779306,24.83954472675413,-3.142301432614541
2002-04-18,25.135175503183987,20.18123878979993,24.528909620247443,-3.6919247550882135
2002-04-19,24.89141905717598,19.194944142803138,24.047150636731867,-3.112909834661457
2002-04-20,24.84306349185329,18.885352157182936,22.844710431803648,-3.974633486926031
2002-04-21,26.153516429953342,18.909092387275006,22.85790109141073,-2.4867254746707315
2002-04-22,26.373919118295543,17.56710624966564,23.23527080795352,-1.6715965123085192
2002-04-23,26.830123885131623,17.949890365779275,22.116279923249465,-1.3247399964740867
2002-04-24,28.003309729868896,17.995271055576673,21.630760353201428,-3.0078746038309285
2002-04-25,29.274851426700547,17.0117891320656,21.712915836458844,-2.4319739949921195
2002-04-26,29.538448959408417,15.824356715693842,21.463427948685478,-3.3712104419383704
2002-04-27,31.418570161131488,17.83827913779901,21.23838998487749,-4.995904336638569
2002-04-28,31.85097425742517,18.408323090034894,21.375628133681527,-4.764805449195262
2002-04-29,30.41182160167094,16.519067072769065,20.47121087131862,-3.2328695414290562
2002-04-30,30.032923442371338,15.651194638826588,21.919889072347345,-1.3348829426018385
2002-05-01,30.55415873622934,13.654257904228487,22.67711027037604,-2.356959851314458
2002-05-02,29.93711461955379,11.949621334267302,22.314508700495452,-0.5600124357181855
2002-05-03,27.834673561324035,11.296719017818443,20.653774487119904,0.2445168491073506
2002-05-04,26.840836819362494,11.830577226191382,19.17919021416096,0.8288120674785898
2002-05-05,28.807256924365575,13.051667643715168,18.522158748895396,0.7114222007353416
2002-05-06,29.074464231306823,12.582962522041377,20.105419947016486,-0.3641573579837817
2002-05-07,28.38567757473848,11.567276702537944,20.426319452349688,-0.929907178251174
2002-05-08,26.955569138242097,12.170286867017477,21.997379738210757,-2.418861170993492
2002-05-09,25.19017881743881,12.429649903864519,20.767389252400005,-1.5836938582888376
2002-05-10,25.257180840743896,13.132754675009453,22.079305092613108,-1.035308807793282
2002-05-11,23.377371204360365,10.550377727447458,22.841609094919207,-0.23871016255931365
2002-05-12,24.213084649084806,11.44814858063788,23.17145313396107,-1.4234461034926076
2002-05-13,23.1178238456816,11.2348802466791,22.377660180629267,-2.1708102566088274
2002-05-14,23.194583226379674,11.549556149387762,23.827979740142673,-2.6487231931521316
2002-05-15,24.27109175305762,10.68302810222496,24.351551683268273,-2.5380542000189275
2002-05-16,23.608918994877484,10.92913397542747,23.008183759634544,-2.5914462360274624
2002-05-17,24.67319659426474,11.393307458730218,24.613031144419324,-1.6851473267376083
2002-05-18,23.908249641122097,10.062729947617836,24.76401460174006,-3.3867669579033413
2002-05-19,23.92009875485217,9.720821988470732,23.372363196479654,-2.399466268478123
2002-05-20,24.0805082651689,8.715782082998352,23.28420977435644,-1.9001036036772778
2002-05-21,23.396002580375363,8.74486585556622,24.185433398171526,-1.3693792766771045
2002-05-22,22.565443697145557,9.22496058762042,22.852658605199704,-1.2773391918377932
2002-05-23,23.037504259134376,9.461819429901183,21.795527421604888,-0.30410305532256565
2002-05-24,22.56788597130354,8.165496403423305,21.960085171704502,-0.7269437313561298
2002-05-25,21.79970420472513,8.709047374032327,21.057516595714027,-0.6482816301758934
2002-05-26,20.55532681107087,7.770687397792697,20.644882787415614,-0.9467095855786438
2002-05-27,19.536318736888358,6.141007907425557,21.022595736031366,-0.6888333462376712
2002-05-28,19.981862114373687,6.248105864821084,20.747757099205288,-1.9760027257379718
2002-05-29,20.697953924767134,6.9816289512615715,20.496879903840945,-2.1144793533238833
2002-05-30,19.380410388170557,8.048388509709628,23.426909793350646,-2.2221878559963444
2002-05-31,20.706630601497032,7.1978231767145955,23.329353186153938,-3.114078898857196
2002-06-01,20.439087355739147,7.563590765226317,22.045878937456223,-3.0517893562250102
2002-06-02,20.140162909287408,7.062953257451612,22.422133628260433,-3.0577842278468097
2002-06-03,19.378369926357568,7.202182924794265,22.741594280138138,-1.966911796893563
2002-06-04,17.487402664602815,7.319348181924458,23.231326972469923,-2.1992843984826185
2002-06-05,16.954517730913953,7.823421894309087,23.33618336844655,-3.7626668664580585
2002-06-06,17.190470451699927,7.276070220827475,23.26303458744608,-2.5404739826694267
2002-06-07,17.734982181467945,7.45128969591236,21.99371713032761,-3.367530478029359
2002-06-08,17.673907374406415,8.000759289724407,20.782081755718835,-3.9271021314626475
2002-06-09,16.30821268408683,7.351738479141088,20.727584570542824,-2.654541380534879
2002-06-10,15.47919653542176,7.235416436798456,20.634422718472226,-3.048848908405283
2002-06-11,13.813555131794057,6.845494841298616,19.431187562658696,-1.836928641924682
2002-06-12,12.632882714441799,7.964635882154832,21.314744251832604,-1.8341126928305531
2002-06-13,14.149428272457168,7.547698340275298,21.81162334697241,-1.6227692264205211
2002-06-14,14.592445106809329,8.457489260948027,20.943575900238375,1.1073245494822095
2002-06-15,14.365720054669076,8.853419666517967,18.79662184338731,1.6686182167972614
2002-06-16,15.170623953522044,9.331809391162963,19.059469419616995,1.316359692254121
2002-06-17,13.7134414514555,8.093157660353771,18.8411540142384,2.058074117786914
2002-06-18,13.578113904323603,6.784924608496613,18.849774463067735,2.9862949094118925
2002-06-19,13.858554571067208,5.086928105931927,18.30319511357764,3.9397657453131854
2002-06-20,15.219974449290364,6.152107672875156,16.716487204777607,5.220203765865049
2002-06-21,15.264278856374784,6.55604945228699,15.23284993446628,4.3083033615533655
2002-06-22,16.765691861188927,7.543883036651066,15.229527851914112,5.8100235092191435
2002-06-23,17.2808085477842,5.867101714241095,16.504674100223564,6.6287716974723985
2002-06-24,18.615230546104296,6.681194467172256,16.838066509924744,6.264153047237204
2002-06-25,18.456885445418415,6.590908039808825,17.599611650871363,6.520574178886346
2002-06-26,18.80433256963083,6.303821373911855,17.301001857565335,4.571510332865267
2002-06-27,19.29197990559795,5.184882765362659,15.774158152536703,4.252753250739877
2002-06-28,20.546774470768614,4.642909191662447,14.78303817297405,5.993241666743264
2002-06-29,20.446329957984638,4.310976927386957,15.832636617814673,7.519331627202207
2002-06-30,19.961486606752768,3.243804160927939,16.327749146306072,8.77665307086444
2002-07-01,20.841183501367727,2.307702327630513,15.761294135328807,8.122035771706635
2002-07-02,19.929921870513738,3.1643069697352675,15.747935662751273,7.10054027236127
2002-07-03,21.02870527758774,2.367433624862749,15.54328205605246,8.193709282879556
2002-07-04,21.468376899600447,0.923473932462751,14.323743576546642,11.214767118465678
2002-07-05,20.943846658445167,2.9081498419879743,14.622620493631244,10.542694224528804
2002-07-06,23.09487955596085,1.7346729085898789,14.587661838536418,9.924774599990275
2002-07-07,23.192378525862612,1.2234507890669617,14.950033816650846,11.940428581693473
2002-07-08,21.10530023001342,0.9768854513886739,15.031826534086193,9.558849171119412
2002-07-09,19.091471594393642,0.004395659541074015,13.760919527316315,10.21014105306195
2002-07-10,19.74748828872454,-0.6709025190003316,12.61823516348572,10.710672430568552
2002-07-11,19.417876842179545,-0.5927879290601572,13.00261606685127,11.45787447336879
2002-07-12,20.349556013303502,0.9046551506928635,13.554358466548932,11.807448355372252
2002-07-13,18.61967638666245,1.1061981698657244,13.51953003559284,13.278772289806303
2002-07-14,19.8233234578696,1.438451210130984,13.85636218709657,12.789659829311079
2002-07-15,21.013383387534383,0.32169499671145063,12.669854848017614,13.474376915932428
2002-07-16,20.23734542943905,0.9277441646823208,11.409530815080183,13.342321399797576
2002-07-17,20.341520475880685,0.7331068821823737,10.499607099239443,12.676115563087004
2002-07-18,20.14811024466705,0.8295799343344878,9.81004655562414,12.48370594130073
2002-07-19,19.244007336809428,-0.11098623551009545,10.879375673782057,13.554996964955688
2002-07-20,20.956069747718278,-1.4221415809839963,10.646755845704073,13.323434443490331
2002-07-21,22.023342616331337,-0.08050238175172408,11.145121743706323,13.146310672479446
2002-07-22,20.650495854897,0.08350177239892057,11.075839866005309,11.709720507145486
2002-07-23,19.665750078931232,-0.8105208163380351,11.35486094754071,11.403225992119184
2002-07-24,18.259128770967237,-1.5198113525390824,10.98966480975355,11.860557095400637
2002-07-25,16.963781092391983,-3.214407911160155,11.442082001739681,12.752169687903152
2002-07-26,15.970615703694452,-4.274894111007158,12.230323218097094,12.57872208531179
2002-07-27,16.151513641074914,-4.504506897279051,12.4893469426702,12.812512773162473
2002-07-28,16.502758217450456,-2.6980028544394585,11.607276074013567,11.9170011825769
2002-07-29,15.219052166444445,-2.6564024199918075,12.228288733673303,10.194479378891456
2002-07-30,15.823804671415921,-2.376439195981363,13.473232228629076,12.395732200525282
2002-07-31,15.745540308487877,-2.843248470619067,14.11984525606661,12.022070839326876
2002-08-01,17.054709136262055,-3.3121162200873044,15.005159395645366,13.111823617834645
2002-08-02,15.826564341519937,-3.3441623370561357,14.304575330829918,11.91299924024693
2002-08-03,15.548783912153596,-3.725399979665564,14.28846533712637,10.549407426600531
2002-08-04,14.709937212462952,-4.3880259423276575,14.746924928789987,9.938496937830363
2002-08-05,14.784260033361218,-4.932650192683788,14.12302095753746,11.297942105251652
2002-08-06,12.718894411437827,-5.2563387965500326,13.44810920717541,11.071071663737566
2002-08-07,13.188405856801348,-5.486645919785979,14.908510194224188,12.175091266232135
2002-08-08,14.261718208357866,-5.9279367292123775,15.208964394743889,8.37288383949436
2002-08-09,15.323383226819246,-6.526382125481197,14.029363690751602,6.6958072208177
2002-08-10,13.701673965113727,-6.598788138098434,15.883878240691052,7.022114650317934
2002-08-11,14.761969884169275,-6.856989768795316,16.095221648848913,8.730840485604963
2002-08-12,14.068210886886106,-6.021742966602617,16.37564236092688,9.445327466877083
2002-08-13,16.115561217273747,-5.020778290852608,16.623919352856618,9.490251924082258
2002-08-14,16.26898750876181,-5.280404204487261,17.73554951925678,9.915424858210892
2002-08-15,16.465951944941466,-6.0013451393608825,17.547042626470816,8.947235048077134
2002-08-16,17.2497856846028,-5.216159449727944,20.155343289999145,9.147313991994643
2002-08-17,18.179862694038583,-4.994085979414654,19.95976521781795,8.777746939885063
2002-08-18,19.271244496951002,-4.151216427013094,21.170635817551176,9.739572983365962
2002-08-19,18.44362525816415,-4.709532791185766,19.956345304682472,10.359416310594868
2002-08-20,19.67092753143201,-3.9064361135445598,18.031316841220466,10.833223818235266
2002-08-21,21.349643970790858,-4.220548740361145,16.371380730112527,10.827615583224809
2002-08-22,22.277829005142458,-4.336829784667672,15.683683880482484,11.723882266365338
2002-08-23,23.265665266548957,-5.598033638500351,16.05142526176372,12.775634997987328
2002-08-24,23.399944390852447,-6.4519572028872485,16.091907506874524,13.77192656180781
2002-08-25,23.710924563583752,-6.975672158318268,15.695254951945522,16.026014562345882
2002-08-26,21.771584585311125,-6.8417925744307055,13.776765752997894,16.05987297836733
2002-08-27,21.33875724889781,-7.920731625776045,14.079698319914021,15.092293779685596
2002-08-28,21.399101357847144,-6.367149486647122,12.286197462001564,16.763595670267954
2002-08-29,18.744921146225806,-6.190779816693665,12.550563408901425,15.910780794333606
2002-08-30,18.03708539950425,-5.979086274992909,13.187630324744305,16.064763558454967
2002-08-31,18.533603848426406,-7.361642502055808,11.985873087653568,16.917983405217377
2002-09-01,17.294496862887975,-9.282483811355377,11.611095779368847,16.89080096838199
2002-09-02,18.746463416745083,-9.024104913900027,12.093373766079603,15.342034157948227
2002-09-03,18.026358722376926,-8.924506927598406,11.710823782870552,16.212973936846097
2002-09-04,18.379551854640706,-8.359224032987433,11.756995955406039,15.757540276298254
2002-09-05,18.429913157802808,-6.741695838452302,12.534948172868443,14.932757285487352
2002-09-06,17.47950847035922,-7.641324504165957,13.394672062995715,14.782063310594891
2002-09-07,17.876890219810857,-8.153135426066417,13.387052295975016,14.93951568531949
2002-09-08,16.276046944696283,-7.758144219676035,11.673495303059797,16.394535294024095
2002-09-09,15.155645434570811,-7.439198117160509,10.50705235342567,16.65596708804456
2002-09-10,12.720378332005335,-9.291594742085605,9.927287619371919,16.117273175485035
2002-09-11,11.809797804746365,-8.837916728369475,11.34148226606416,15.573421905294882
2002-09-12,11.376812145887994,-7.412821226357929,10.431662092010408,16.414288006910247
2002-09-13,11.326937647898111,-7.975440401845485,9.905962247414498,15.632816031440974
2002-09-14,11.437260703455607,-9.240084219982617,9.042585763037458,14.067240835678271
2002-09-15,10.96917937350461,-9.237081886677084,8.069101673390144,13.206775164724018
2002-09-16,10.687815423432658,-10.834723828749791,6.836266359770202,13.972008076092768
2002-09-17,10.423485839948288,-11.937922882706534,7.165462871171983,14.238806372001545
2002-09-18,11.118389492045203,-13.324655344890314,7.6673131403367,16.891066897086475
2002-09-19,10.067754071696795,-13.16975230390628,6.382312983466425,15.583241835442138
2002-09-20,10.418954725248431,-12.877766033211305,6.30817428829514,16.117229235000625
2002-09-21,13.530288337669198,-13.391321568132856,6.1491305041108415,17.814884850975385
2002-09-22,13.293848520967563,-13.737633659969443,6.425093155189411,15.129207975554486
2002-09-23,13.741905112993084,-12.269571106832457,6.502256933066143,13.291205671096995
2002-09-24,12.590703082466192,-12.407435298092373,4.348810733537865,13.661606628289194
2002-09-25,14.423355030855328,-11.90010749342689,4.162480136432511,15.858581061035064
2002-09-26,13.520808839510364,-11.957986632573766,3.2678180176533385,16.898392397749692
